{
    "Height_50": {
        "target_height": 50.0,
        "best_score": 9150.0,
        "best_params": {
            "Kp": 0.026985908331705874,
            "Ki": 0.0,
            "Kd": 0.013471165419243905
        }
    },
    "Height_100": {
        "target_height": 100.0,
        "best_score": 5855.0,
        "best_params": {
            "Kp": 0.002388227640807224,
            "Ki": 0.0001842025760464471,
            "Kd": 0.01759601882951825
        }
    },
    "Height_150": {
        "target_height": 150.0,
        "best_score": 8220.0,
        "best_params": {
            "Kp": 0.001500620970546199,
            "Ki": 0.00013644721316773402,
            "Kd": 0.014249869153135942
        }
    },
    "Height_200": {
        "target_height": 200.0,
        "best_score": 9754.0,
        "best_params": {
            "Kp": 0.0027380387083130375,
            "Ki": 5.7069069286302416e-05,
            "Kd": 0.013842859692664756
        }
    },
    "Height_250": {
        "target_height": 250.0,
        "best_score": 11091.0,
        "best_params": {
            "Kp": 0.00215346743645889,
            "Ki": 0.00010309410693495284,
            "Kd": 0.008572506414023002
        }
    },
    "Height_300": {
        "target_height": 300.0,
        "best_score": 12567.0,
        "best_params": {
            "Kp": 0.0024529886449941515,
            "Ki": 8.689211968623779e-05,
            "Kd": 0.012098509748136846
        }
    },
    "Height_350": {
        "target_height": 350.0,
        "best_score": 10125.0,
        "best_params": {
            "Kp": 0.0025581494494354663,
            "Ki": 0.0002637191399869156,
            "Kd": 0.01642788955101563
        }
    },
    "Height_400": {
        "target_height": 400.0,
        "best_score": 12818.0,
        "best_params": {
            "Kp": 0.003085203145325286,
            "Ki": 0.00019811051990658682,
            "Kd": 0.015
        }
    },
    "Height_450": {
        "target_height": 450.0,
        "best_score": 15093.0,
        "best_params": {
            "Kp": 0.0027732769701039736,
            "Ki": 0.00019800159894612515,
            "Kd": 0.011441150899249885
        }
    }
}